{"content":"<li class=\"n-box-item date-title\" data-end=\"1325566799\" data-start=\"1325480400\" data-txt=\"Wednesday, December 18, 2019\">Monday, January  2, 2012</li><li class=\"n-box-item sa-box-item\" data-id=\"107968\" data-ts=\"1325508026\"><div class=\"media media-overflow-fix\"><div class=\"media-left\"><a class=\"box-ticker\" href=\"/symbol/LDK\" target=\"_blank\">LDK</a></div><div class=\"media-body\"><h4 class=\"media-heading\"><a href=\"/news/107968\" sasource=\"on_the_move_news_fidelity\" target=\"_blank\">Owners (or prospective owners) of beleaguered solar energy companies, it might be time to...</a></h4><p>Owners (or prospective owners) of beleaguered solar energy companies, it might be time to prepare for more of this action in 2012: China's LDK Solar (NYSE:<a href=\"https://seekingalpha.com/symbol/LDK\" title=\"LDK Solar Co., Ltd.\">LDK</a>) <a target=\"_blank\" href=\"http://www.businessweek.com/news/2012-01-02/sunways-soars-as-china-s-ldk-bids-for-german-solar-company.html\">offers to buy </a>Germany's Sunways for \u20ac1.90/share, a near 30% premium to Friday's close. Sunways lost 63% in 2011, weighed down like most by production overcapacity coming out of Asia. </p><div class=\"tiny-share-widget\" data-id=\"107968\" data-linked=\"Owners (or prospective owners) of beleaguered solar energy companies, it might be time to...\" data-tweet=\"$LDK $JASO $FSLR - Owners (or prospective owners) of beleaguered solar energy companies, it might be time to prepare for more of this action in 2012: China&#39;s LDK Solar (NYSE:LDK) offers to buy Germany&#39;s Sunways for \u20ac1.90/share, a near 30% premium to Fri... https://seekingalpha.com/news/107968?source=tweet\" data-url=\"https://seekingalpha.com/news/107968\"><div class=\"icon share-btn c-email\" title=\"Email a friend\">&nbsp;</div><div class=\"icon share-btn c-twitter\" title=\"Share on Twitter\">&nbsp;</div><div class=\"icon share-btn c-facebook\" title=\"Share on Facebook\">&nbsp;</div><div class=\"icon share-btn c-linkedin\" title=\"Share on Linkedin\">&nbsp;</div></div><span class=\"mc_gray_separator\">|</span>  7:40 AM <span class='mc_gray_separator'>|</span> <span class='comments-n'><span class='comments-container '>2&nbsp;<span class='comments-number'>Comments</span></span></span></div></div></li>","count":1,"message":null,"success":true,"today":{"start":1576645200,"end":1576731599,"str":"Wednesday, December 18, 2019"},"yesterday":{"start":1576558800,"end":1576645199}}