{"content":"<li class=\"n-box-item date-title\" data-end=\"1376279999\" data-start=\"1376193600\" data-txt=\"Friday, December 20, 2019\">Sunday, August 11, 2013</li><li class=\"n-box-item sa-box-item\" data-id=\"1213922\" data-ts=\"1376274041\"><div class=\"media media-overflow-fix\"><div class=\"media-left\"><a class=\"box-ticker\" href=\"/symbol/\" target=\"_blank\"></a></div><div class=\"media-body\"><h4 class=\"media-heading\"><a href=\"/news/1213922-nikkei-lower-after-gdp-data-other-asian-markets-gain\" sasource=\"on_the_move_news_fidelity\" target=\"_blank\">Nikkei lower after GDP data, other Asian markets gain</a></h4><ul>     <li>The Nikkei slips <font color=\"red\">0.6%</font> on the heels of weaker than expected <a href=\"https://seekingalpha.com/currents/post/1213912\" target=\"_blank\">Q2 GDP data</a> out of Japan. Some say slower growth may delay Prime Minister Shinzo Abe's sales tax increase.</li>     <li>Across the region: Shanghai Composite <font color=\"green\">+0.9%</font>, ASX <font color=\"green\">+0.5%</font>, Hang Seng <font color=\"green\">+1%</font>, Kospi <font color=\"green\">+0.1%</font>.</li> </ul><div class=\"tiny-share-widget\" data-id=\"1213922\" data-linked=\"Nikkei lower after GDP data, other Asian markets gain\" data-tweet=\"Nikkei lower after GDP data, other Asian markets gain https://seekingalpha.com/news/1213922-nikkei-lower-after-gdp-data-other-asian-markets-gain?source=tweet\" data-url=\"https://seekingalpha.com/news/1213922-nikkei-lower-after-gdp-data-other-asian-markets-gain\"><div class=\"icon share-btn c-email\" title=\"Email a friend\">&nbsp;</div><div class=\"icon share-btn c-twitter\" title=\"Share on Twitter\">&nbsp;</div><div class=\"icon share-btn c-facebook\" title=\"Share on Facebook\">&nbsp;</div><div class=\"icon share-btn c-linkedin\" title=\"Share on Linkedin\">&nbsp;</div></div><span class=\"mc_gray_separator\">|</span> 10:20 PM </div></div></li>","count":1,"message":null,"success":true,"today":{"start":1576818000,"end":1576904399,"str":"Friday, December 20, 2019"},"yesterday":{"start":1576731600,"end":1576817999}}