{"content":"<li class=\"n-box-item date-title\" data-end=\"1358830799\" data-start=\"1358744400\" data-txt=\"Friday, December 20, 2019\">Monday, January 21, 2013</li><li class=\"n-box-item sa-box-item\" data-id=\"771681\" data-ts=\"1358758370\"><div class=\"media media-overflow-fix\"><div class=\"media-left\"><a class=\"box-ticker\" href=\"/symbol/\" target=\"_blank\"></a></div><div class=\"media-body\"><h4 class=\"media-heading\"><a href=\"/news/771681\" sasource=\"on_the_move_news_fidelity\" target=\"_blank\">European shares are broadly higher, boosted by hopes that the U.S. will raise its debt ceiling...</a></h4><p>European shares are <a href=\"http://www.reuters.com/article/2013/01/21/markets-europe-stocks-idUSL6N0AQ1GJ20130121\" target=\"_blank\">broadly higher</a>, boosted by hopes that the U.S. will raise its debt ceiling after the GOP last week proposed a three-month extension of federal borrowing authority. EU Stoxx 50 <font color=\"green\">+0.3%</font>, London <font color=\"green\">+0.6%</font>, Paris flat, Frankfurt <font color=\"green\">+0.4%</font>, Milan <font color=\"red\">-0.1%</font>, Madrid <font color=\"green\">+0.2%</font>.</p><div class=\"tiny-share-widget\" data-id=\"771681\" data-linked=\"European shares are broadly higher, boosted by hopes that the U.S. will raise its debt ceiling...\" data-tweet=\"European shares are broadly higher, boosted by hopes that the U.S. will raise its debt ceiling after the GOP last week proposed a three-month extension of federal borrowing authority. EU Stoxx 50 +0.3%, London +0.6%, Paris flat, Frankfurt +0.4%, Milan -... https://seekingalpha.com/news/771681?source=tweet\" data-url=\"https://seekingalpha.com/news/771681\"><div class=\"icon share-btn c-email\" title=\"Email a friend\">&nbsp;</div><div class=\"icon share-btn c-twitter\" title=\"Share on Twitter\">&nbsp;</div><div class=\"icon share-btn c-facebook\" title=\"Share on Facebook\">&nbsp;</div><div class=\"icon share-btn c-linkedin\" title=\"Share on Linkedin\">&nbsp;</div></div><span class=\"mc_gray_separator\">|</span>  3:52 AM <span class='mc_gray_separator'>|</span> <span class='comments-n'><span class='comments-container '>2&nbsp;<span class='comments-number'>Comments</span></span></span></div></div></li><li class=\"n-box-item sa-box-item\" data-id=\"771621\" data-ts=\"1358751535\"><div class=\"media media-overflow-fix\"><div class=\"media-left\"><a class=\"box-ticker\" href=\"/symbol/\" target=\"_blank\"></a></div><div class=\"media-body\"><h4 class=\"media-heading\"><a href=\"/news/771621\" sasource=\"on_the_move_news_fidelity\" target=\"_blank\">Tokyo stocks diverge from other Asian bourses and slide on a spot of a profit-taking after...</a></h4><p>Tokyo stocks diverge from other Asian bourses and slide on a <a href=\"http://professional.wsj.com/article/SB10001424127887324624404578254463655519152.html\" target=\"_blank\">spot of a profit-taking</a> after hitting multi-year highs last week and as the BOJ starts a two-day policy meeting, where it's expected to bow to huge political pressure and announce lots more stimulus. Japan <font color=\"red\">-1.5%</font>, Hong Kong flat, China <font color=\"green\">+0.3%</font>, India <font color=\"green\">+0.2%</font>.</p><div class=\"tiny-share-widget\" data-id=\"771621\" data-linked=\"Tokyo stocks diverge from other Asian bourses and slide on a spot of a profit-taking after...\" data-tweet=\"Tokyo stocks diverge from other Asian bourses and slide on a spot of a profit-taking after hitting multi-year highs last week and as the BOJ starts a two-day policy meeting, where it&#39;s expected to bow to huge political pressure and announce lots more st... https://seekingalpha.com/news/771621?source=tweet\" data-url=\"https://seekingalpha.com/news/771621\"><div class=\"icon share-btn c-email\" title=\"Email a friend\">&nbsp;</div><div class=\"icon share-btn c-twitter\" title=\"Share on Twitter\">&nbsp;</div><div class=\"icon share-btn c-facebook\" title=\"Share on Facebook\">&nbsp;</div><div class=\"icon share-btn c-linkedin\" title=\"Share on Linkedin\">&nbsp;</div></div><span class=\"mc_gray_separator\">|</span>  1:58 AM </div></div></li>","count":2,"message":null,"success":true,"today":{"start":1576818000,"end":1576904399,"str":"Friday, December 20, 2019"},"yesterday":{"start":1576731600,"end":1576817999}}