{"content":"<li class=\"n-box-item date-title\" data-end=\"1365998399\" data-start=\"1365912000\" data-txt=\"Friday, December 20, 2019\">Sunday, April 14, 2013</li><li class=\"n-box-item sa-box-item\" data-id=\"941571\" data-ts=\"1365995209\"><div class=\"media media-overflow-fix\"><div class=\"media-left\"><a class=\"box-ticker\" href=\"/symbol/\" target=\"_blank\"></a></div><div class=\"media-body\"><h4 class=\"media-heading\"><a href=\"/news/941571\" sasource=\"on_the_move_news_fidelity\" target=\"_blank\">Precious metals continue to sell off sharply, gold (GLD) -4% to $1,440/oz., the lowest level in...</a></h4><p>Precious metals continue to sell off sharply, gold (<a href=\"https://seekingalpha.com/symbol/gld\" title=\"SPDR Gold Trust ETF\">GLD</a>) <font color=\"red\">-4%</font> to $1,440/oz., the <a href=\"http://finviz.com/futures_charts.ashx?t=GC&amp;p=w1\" target=\"_blank\">lowest level </a>in about 2 years. <font color=\"red\">Off 6.7%</font> to $24.58, silver's (<a href=\"https://seekingalpha.com/symbol/slv\" title=\"iShares Silver Trust ETF\">SLV</a>) back to<a href=\"http://finviz.com/futures_charts.ashx?t=SI&amp;p=w1\" target=\"_blank\"> fall 2010</a> levels.</p><div class=\"tiny-share-widget\" data-id=\"941571\" data-linked=\"Precious metals continue to sell off sharply, gold (GLD) -4% to $1,440/oz., the lowest level in...\" data-tweet=\"$GLD $SLV $IAU - Precious metals continue to sell off sharply, gold (GLD) -4% to $1,440/oz., the lowest level in about 2 years. Off 6.7% to $24.58, silver&#39;s (SLV) back to fall 2010 levels. https://seekingalpha.com/news/941571?source=tweet\" data-url=\"https://seekingalpha.com/news/941571\"><div class=\"icon share-btn c-email\" title=\"Email a friend\">&nbsp;</div><div class=\"icon share-btn c-twitter\" title=\"Share on Twitter\">&nbsp;</div><div class=\"icon share-btn c-facebook\" title=\"Share on Facebook\">&nbsp;</div><div class=\"icon share-btn c-linkedin\" title=\"Share on Linkedin\">&nbsp;</div></div><span class=\"mc_gray_separator\">|</span> 11:06 PM <span class='mc_gray_separator'>|</span> <span class='comments-n'><span class='comments-container '>50&nbsp;<span class='comments-number'>Comments</span></span></span></div></div></li>","count":1,"message":null,"success":true,"today":{"start":1576818000,"end":1576904399,"str":"Friday, December 20, 2019"},"yesterday":{"start":1576731600,"end":1576817999}}