{"content":"<li class=\"n-box-item date-title\" data-end=\"1363579199\" data-start=\"1363492800\" data-txt=\"Friday, December 20, 2019\">Sunday, March 17, 2013</li><li class=\"n-box-item sa-box-item\" data-id=\"892711\" data-ts=\"1363563012\"><div class=\"media media-overflow-fix\"><div class=\"media-left\"><a class=\"box-ticker\" href=\"/symbol/\" target=\"_blank\"></a></div><div class=\"media-body\"><h4 class=\"media-heading\"><a href=\"/news/892711\" sasource=\"on_the_move_news_fidelity\" target=\"_blank\">Crisis on. S&amp;amp;P 500 futures -1% and the euro -1.2% as Brussels &quot;faced with a drowning member...</a></h4><p>Crisis on. S&amp;P 500 futures <font color=\"red\">-1%</font> and the euro <font color=\"red\">-1.2%</font> as Brussels \"faced with a drowning member state, <a href=\"http://www.ft.com/intl/cms/s/0/ec8edd6c-8da5-11e2-a0fd-00144feabdc0.html#axzz2NqI04FRG\" target=\"_blank\">instead of throwing</a> the Cypriot people a lifebuoy, (throws) a millstone around its neck.\" EU leaders risk triggering bank runs in Cyprus (and elsewhere?) by going after bank depositors to fund the country's bank bailout.</p><div class=\"tiny-share-widget\" data-id=\"892711\" data-linked=\"Crisis on. S&amp;amp;P 500 futures -1% and the euro -1.2% as Brussels &quot;faced with a drowning member...\" data-tweet=\"$SPY $FXE $ULE - Crisis on. S&amp;P 500 futures -1% and the euro -1.2% as Brussels &quot;faced with a drowning member state, instead of throwing the Cypriot people a lifebuoy, (throws) a millstone around its neck.&quot; EU leaders risk triggering bank runs in Cyprus ... https://seekingalpha.com/news/892711?source=tweet\" data-url=\"https://seekingalpha.com/news/892711\"><div class=\"icon share-btn c-email\" title=\"Email a friend\">&nbsp;</div><div class=\"icon share-btn c-twitter\" title=\"Share on Twitter\">&nbsp;</div><div class=\"icon share-btn c-facebook\" title=\"Share on Facebook\">&nbsp;</div><div class=\"icon share-btn c-linkedin\" title=\"Share on Linkedin\">&nbsp;</div></div><span class=\"mc_gray_separator\">|</span>  7:30 PM <span class='mc_gray_separator'>|</span> <span class='comments-n'><span class='comments-container '>117&nbsp;<span class='comments-number'>Comments</span></span></span></div></div></li>","count":1,"message":null,"success":true,"today":{"start":1576818000,"end":1576904399,"str":"Friday, December 20, 2019"},"yesterday":{"start":1576731600,"end":1576817999}}