{"content":"<li class=\"n-box-item date-title\" data-end=\"1412567999\" data-start=\"1412481600\" data-txt=\"Saturday, December 21, 2019\">Sunday, October  5, 2014</li><li class=\"n-box-item sa-box-item\" data-id=\"2015345\" data-ts=\"1412531474\"><div class=\"media media-overflow-fix\"><div class=\"media-left\"><a class=\"box-ticker\" href=\"/symbol/BTCS\" target=\"_blank\">BTCS</a></div><div class=\"media-body\"><h4 class=\"media-heading\"><a href=\"/news/2015345-bitcoin-prices-dive-below-300\" sasource=\"on_the_move_news_fidelity\" target=\"_blank\">Bitcoin prices dive below $300</a></h4><ul>\n<li>Coinbase is now showing a bid-ask spread of $293.80-$294.22. That puts Bitcoin (<a href=\"https://seekingalpha.com/symbol/COIN\" title=\"Winklevoss Bitcoin Trust ETF\">COIN</a>, <a href=\"https://seekingalpha.com/symbol/BTCS\" title=\"BTCS Inc.\">OTCQB:BTCS</a>) over 55% below its June highs, and roughly 75% below its late-2013 all-time highs.</li>\n<li>\n<a href=\"http://techcrunch.com/2014/10/04/the-bitcoin-selloff-continues/\" target=\"_blank\">Plenty of theories</a> are being <a href=\"https://www.cryptocoinsnews.com/bitcoin-price-drop-really-good-news/\" target=\"_blank\">thrown around</a> to explain the decline. Bulls argue a stronger dollar is taking a toll, as is dollar conversion by the <a href=\"https://seekingalpha.com/news/1997255-paypal-embraces-bitcoin-to-an-extent\" target=\"_blank\">growing number</a> of merchants/platforms accepting Bitcoin. Bears argue a speculative bubble is bursting, with the total value of Bitcoins in existence falling towards a level that reflects their actual usage (still relatively low).</li>\n<li>\n<a href=\"http://www.bitcoinwatch.com/\" target=\"_blank\">Bitcoin Watch</a> states Bitcoin's total market cap is now just slightly above $4B. 852K Bitcoins (current value of $250M) were sent over the last 24 hours.</li>\n<li>Fred Wilson, still an ardent believer in the cryptocurrency, has observed Bitcoin's 2-year chart <a href=\"http://avc.com/2014/09/the-bitcoin-hype-cycle/\" target=\"_blank\">bears some resemblance</a> to Gartner's diagram for the hype cycle surrounding important new technologies.</li>\n</ul><div class=\"tiny-share-widget\" data-id=\"2015345\" data-linked=\"Bitcoin prices dive below $300\" data-tweet=\"$BTCS $COIN $BTCS - Bitcoin prices dive below $300 https://seekingalpha.com/news/2015345-bitcoin-prices-dive-below-300?source=tweet\" data-url=\"https://seekingalpha.com/news/2015345-bitcoin-prices-dive-below-300\"><div class=\"icon share-btn c-email\" title=\"Email a friend\">&nbsp;</div><div class=\"icon share-btn c-twitter\" title=\"Share on Twitter\">&nbsp;</div><div class=\"icon share-btn c-facebook\" title=\"Share on Facebook\">&nbsp;</div><div class=\"icon share-btn c-linkedin\" title=\"Share on Linkedin\">&nbsp;</div></div><span class=\"mc_gray_separator\">|</span>  1:51 PM <span class='mc_gray_separator'>|</span> <span class='comments-n'><span class='comments-container '>5&nbsp;<span class='comments-number'>Comments</span></span></span></div></div></li>","count":1,"message":null,"success":true,"today":{"start":1576904400,"end":1576990799,"str":"Saturday, December 21, 2019"},"yesterday":{"start":1576818000,"end":1576904399}}