{"content":"<li class=\"n-box-item date-title\" data-end=\"1418619599\" data-start=\"1418533200\" data-txt=\"Saturday, December 21, 2019\">Sunday, December 14, 2014</li><li class=\"n-box-item sa-box-item\" data-id=\"2176945\" data-ts=\"1418604335\"><div class=\"media media-overflow-fix\"><div class=\"media-left\"><a class=\"box-ticker\" href=\"/symbol/\" target=\"_blank\"></a></div><div class=\"media-body\"><h4 class=\"media-heading\"><a href=\"/news/2176945-crude-oil-crash-continues\" sasource=\"on_the_move_news_fidelity\" target=\"_blank\">Crude oil crash continues</a></h4><ul>\n<li>WTI crude oil (NYSEARCA:<a href=\"https://seekingalpha.com/symbol/uso\" title=\"The United States Oil ETF, LP\">USO</a>) is <font color=\"red\">off another 2%</font> to $56.68 per barrel in early Sunday evening action.</li>\n<li>Stock index futures are shrugging of the action for now, and the 10-year U.S. Treasury yield remains at the year-low of 2.08%.</li>\n<li>Oil ETFs: <a href=\"https://seekingalpha.com/symbol/uso\" title=\"The United States Oil ETF, LP\">USO</a>, <a href=\"https://seekingalpha.com/symbol/oil\" title=\"iPath S&amp;P Crude Oil Total Return Index ETN\">OIL</a>, <a href=\"https://seekingalpha.com/symbol/uco\" title=\"ProShares Ultra Bloomberg Crude Oil ETF\">UCO</a>, <a href=\"https://seekingalpha.com/symbol/sco\" title=\"ProShares UltraShort Bloomberg Crude Oil ETF\">SCO</a>, <a href=\"https://seekingalpha.com/symbol/bno\" title=\"The United States Brent Oil ETF, LP\">BNO</a>, <a href=\"https://seekingalpha.com/symbol/uga\" title=\"The United States Gasoline ETF, LP\">UGA</a>, <a href=\"https://seekingalpha.com/symbol/dto\" title=\"PowerShares DB Crude Oil Double Short ETN\">DTO</a>, <a href=\"https://seekingalpha.com/symbol/dbo\" title=\"PowerShares DB Oil ETF\">DBO</a>, <a href=\"https://seekingalpha.com/symbol/crud\" title=\"Teucrium WTI Crude Oil ETF\">CRUD</a>, <a href=\"https://seekingalpha.com/symbol/uwti\" title=\"VelocityShares 3x Long Crude Oil ETN\">UWTI</a>, <a href=\"https://seekingalpha.com/symbol/usl\" title=\"The United States 12 Month Oil ETF, LP\">USL</a>, <a href=\"https://seekingalpha.com/symbol/dwti\" title=\"VelocityShares 3x Inverse Crude Oil ETN\">DWTI</a>, <a href=\"https://seekingalpha.com/symbol/uhn\" title=\"The United States Diesel-Heating Oil ETF, LP\">UHN</a>, <a href=\"https://seekingalpha.com/symbol/dno\" title=\"The United States Short Oil ETF, LP\">DNO</a>, <a href=\"https://seekingalpha.com/symbol/szo\" title=\"PowerShares DB Crude Oil Short ETN\">SZO</a>, <a href=\"https://seekingalpha.com/symbol/olo\" title=\"PowerShares DB Crude Oil Long ETN\">OLO</a>, <a href=\"https://seekingalpha.com/symbol/olem\" title=\"iPath Pure Beta Crude Oil ETN\">OLEM</a>, <a href=\"https://seekingalpha.com/symbol/twti\" title=\"RBS Oil Trendpilot ETN\">TWTI</a>\n</li>\n</ul><div class=\"tiny-share-widget\" data-id=\"2176945\" data-linked=\"Crude oil crash continues\" data-tweet=\"$USO $OIL $UCO - Crude oil crash continues https://seekingalpha.com/news/2176945-crude-oil-crash-continues?source=tweet\" data-url=\"https://seekingalpha.com/news/2176945-crude-oil-crash-continues\"><div class=\"icon share-btn c-email\" title=\"Email a friend\">&nbsp;</div><div class=\"icon share-btn c-twitter\" title=\"Share on Twitter\">&nbsp;</div><div class=\"icon share-btn c-facebook\" title=\"Share on Facebook\">&nbsp;</div><div class=\"icon share-btn c-linkedin\" title=\"Share on Linkedin\">&nbsp;</div></div><span class=\"mc_gray_separator\">|</span>  7:45 PM <span class='mc_gray_separator'>|</span> <span class='comments-n'><span class='comments-container '>39&nbsp;<span class='comments-number'>Comments</span></span></span></div></div></li>","count":1,"message":null,"success":true,"today":{"start":1576904400,"end":1576990799,"str":"Saturday, December 21, 2019"},"yesterday":{"start":1576818000,"end":1576904399}}