{"content":"<li class=\"n-box-item date-title\" data-end=\"1435550399\" data-start=\"1435464000\" data-txt=\"Sunday, December 22, 2019\">Sunday, June 28, 2015</li><li class=\"n-box-item sa-box-item\" data-id=\"2603655\" data-ts=\"1435531300\"><div class=\"media media-overflow-fix\"><div class=\"media-left\"><a class=\"box-ticker\" href=\"/symbol/\" target=\"_blank\"></a></div><div class=\"media-body\"><h4 class=\"media-heading\"><a href=\"/news/2603655-major-stock-futures-euro-tumble-in-reaction-to-greece-news\" sasource=\"on_the_move_news_fidelity\" target=\"_blank\">Major stock futures, euro tumble in reaction to Greece news</a></h4><ul>   <li>Following today's <a href=\"https://seekingalpha.com/news/2603585-greek-parliament-approves-bailout-referendum\" target=\"_blank\">news on Greece</a>, and with emergency aid to the country frozen, the euro has <font color=\"red\">slipped 1.4%</font>.</li>    <li>Major stock futures are also <font color=\"red\">off 1.5%</font>; Dow futures are down 271 points, while S&amp;P 500 futures are off 35. Nikkei futures are off 500 points. 30-year bonds <font color=\"green\">+2.5%</font>.  Crude<font color=\"red\"> -1.5%</font>. Nasdaq <font color=\"red\">-1.6%</font>.</li>\n<li>ETFs: <a href=\"https://seekingalpha.com/symbol/fxe\" title=\"CurrencyShares Euro Trust ETF\">FXE</a>, <a href=\"https://seekingalpha.com/symbol/euo\" title=\"ProShares UltraShort Euro ETF\">EUO</a>, <a href=\"https://seekingalpha.com/symbol/grek\" title=\"Global X FTSE Greece 20 ETF\">GREK</a>, <a href=\"https://seekingalpha.com/symbol/ero\" title=\"iPath EUR/USD Exchange Rate ETN\">ERO</a>, <a href=\"https://seekingalpha.com/symbol/drr\" title=\"Market Vectors Double Short Euro ETN\">DRR</a>, <a href=\"https://seekingalpha.com/symbol/eufx\" title=\"ProShares Short Euro ETF\">EUFX</a>, <a href=\"https://seekingalpha.com/symbol/ule\" title=\"ProShares Ultra Euro ETF\">ULE</a>, <a href=\"https://seekingalpha.com/symbol/urr\" title=\"Market Vectors Double Long Euro ETN\">URR</a>, <a href=\"https://seekingalpha.com/symbol/dia\" title=\"SPDR Dow Jones Industrial Average ETF\">DIA</a>, <a href=\"https://seekingalpha.com/symbol/dog\" title=\"ProShares Short Dow 30 ETF\">DOG</a>, <a href=\"https://seekingalpha.com/symbol/dxd\" title=\"ProShares UltraShort Dow30 ETF\">DXD</a>, <a href=\"https://seekingalpha.com/symbol/udow\" title=\"ProShares UltraPro Dow 30 ETF\">UDOW</a>, <a href=\"https://seekingalpha.com/symbol/sdow\" title=\"ProShares UltraPro Short Dow 30 ETF\">SDOW</a>, <a href=\"https://seekingalpha.com/symbol/ddm\" title=\"ProShares Ultra Dow 30 ETF\">DDM</a>, <a href=\"https://seekingalpha.com/symbol/udpix\" title=\"ProFunds Ultra Dow 30 ProFund Inv\">UDPIX</a>\n</li> </ul><div class=\"tiny-share-widget\" data-id=\"2603655\" data-linked=\"Major stock futures, euro tumble in reaction to Greece news\" data-tweet=\"$FXE $EUO $GREK - Major stock futures, euro tumble in reaction to Greece news https://seekingalpha.com/news/2603655-major-stock-futures-euro-tumble-in-reaction-to-greece-news?source=tweet\" data-url=\"https://seekingalpha.com/news/2603655-major-stock-futures-euro-tumble-in-reaction-to-greece-news\"><div class=\"icon share-btn c-email\" title=\"Email a friend\">&nbsp;</div><div class=\"icon share-btn c-twitter\" title=\"Share on Twitter\">&nbsp;</div><div class=\"icon share-btn c-facebook\" title=\"Share on Facebook\">&nbsp;</div><div class=\"icon share-btn c-linkedin\" title=\"Share on Linkedin\">&nbsp;</div></div><span class=\"mc_gray_separator\">|</span>  6:41 PM <span class='mc_gray_separator'>|</span> <span class='comments-n'><span class='comments-container '>93&nbsp;<span class='comments-number'>Comments</span></span></span></div></div></li>","count":1,"message":null,"success":true,"today":{"start":1576990800,"end":1577077199,"str":"Sunday, December 22, 2019"},"yesterday":{"start":1576904400,"end":1576990799}}