{"content":"<li class=\"n-box-item date-title\" data-end=\"1470542399\" data-start=\"1470456000\" data-txt=\"Sunday, December 22, 2019\">Saturday, August  6, 2016</li><li class=\"n-box-item sa-box-item\" data-id=\"3200865\" data-ts=\"1470462950\"><div class=\"media media-overflow-fix\"><div class=\"media-left\"><a class=\"box-ticker\" href=\"/symbol/\" target=\"_blank\"></a></div><div class=\"media-body\"><h4 class=\"media-heading\"><a href=\"/news/3200865-weekly-etf-gainers-losers\" sasource=\"on_the_move_news_fidelity\" target=\"_blank\">Weekly ETF Gainers / Losers</a></h4><ul>     <li> <b>Gainers:</b> <a href=\"https://seekingalpha.com/symbol/BRF\" title=\"VanEck Vectors Brazil Small-Cap ETF\">BRF</a> <font color=\"green\">+4.22%</font>. <a href=\"https://seekingalpha.com/symbol/EWZ\" title=\"iShares MSCI Brazil Capped ETF\">EWZ</a> <font color=\"green\">+2.67%</font>. <a href=\"https://seekingalpha.com/symbol/TAN\" title=\"Guggenheim Solar ETF\">TAN</a> <font color=\"green\">+2.57%</font>. <a href=\"https://seekingalpha.com/symbol/BNO\" title=\"The United States Brent Oil ETF, LP\">BNO</a> <font color=\"green\">+2.33%</font>. <a href=\"https://seekingalpha.com/symbol/ILF\" title=\"iShares Latin America 40 ETF\">ILF</a> <font color=\"green\">+2.08%</font>.  </li>\n<li>\n<b>Losers:</b> <a href=\"https://seekingalpha.com/symbol/VXX\" title=\"iPath S&amp;P 500 VIX Short-Term Futures ETN\">VXX</a> <font color=\"red\">-6.38%</font>. <a href=\"https://seekingalpha.com/symbol/VNM\" title=\"VanEck Vectors Vietnam ETF\">VNM</a> <font color=\"red\">-5.2%</font>. <a href=\"https://seekingalpha.com/symbol/UNG\" title=\"The United States Natural Gas ETF, LP\">UNG</a> <font color=\"red\">-3.62%</font>. <a href=\"https://seekingalpha.com/symbol/SLV\" title=\"iShares Silver Trust ETF\">SLV</a> <font color=\"red\">-3.3%</font>. <a href=\"https://seekingalpha.com/symbol/PSLV\" title=\"Sprott Physical Silver Trust\">PSLV</a> <font color=\"red\">-3.3%</font>.   </li> </ul><div class=\"tiny-share-widget\" data-id=\"3200865\" data-linked=\"Weekly ETF Gainers / Losers\" data-tweet=\"$BRF $EWZ $TAN - Weekly ETF Gainers / Losers https://seekingalpha.com/news/3200865-weekly-etf-gainers-losers?source=tweet\" data-url=\"https://seekingalpha.com/news/3200865-weekly-etf-gainers-losers\"><div class=\"icon share-btn c-email\" title=\"Email a friend\">&nbsp;</div><div class=\"icon share-btn c-twitter\" title=\"Share on Twitter\">&nbsp;</div><div class=\"icon share-btn c-facebook\" title=\"Share on Facebook\">&nbsp;</div><div class=\"icon share-btn c-linkedin\" title=\"Share on Linkedin\">&nbsp;</div></div><span class=\"mc_gray_separator\">|</span>  1:55 AM </div></div></li>","count":1,"message":null,"success":true,"today":{"start":1576990800,"end":1577077199,"str":"Sunday, December 22, 2019"},"yesterday":{"start":1576904400,"end":1576990799}}