{"content":"<li class=\"n-box-item date-title\" data-end=\"1452488399\" data-start=\"1452402000\" data-txt=\"Sunday, December 22, 2019\">Sunday, January 10, 2016</li><li class=\"n-box-item sa-box-item\" data-id=\"3022696\" data-ts=\"1452476366\"><div class=\"media media-overflow-fix\"><div class=\"media-left\"><a class=\"box-ticker\" href=\"/symbol/\" target=\"_blank\"></a></div><div class=\"media-body\"><h4 class=\"media-heading\"><a href=\"/news/3022696-futures-head-lower-ahead-of-shanghais-open\" sasource=\"on_the_move_news_fidelity\" target=\"_blank\">Futures head lower ahead of Shanghai&#39;s open</a></h4><ul>\n<li>Following the worst opening week to the year in the American stock market's history, U.S. index futures are <font color=\"red\">lower by 0.6%</font> in Sunday evening action. Shanghai opens for trade at 9:30 ET.</li>\n<li>Stocks in China put in a modest bounce on Friday after the government suspended its circuit breaker rules, but that and a strong U.S. employment report weren't enough to boost U.S. markets, which <font color=\"red\">fell 1%</font> after opening nicely higher.</li>\n<li>Oil's on the move as well, <font color=\"red\">down 2%</font> to $32.47 per barrel.</li>\n<li>ETFs: <a href=\"https://seekingalpha.com/symbol/SPY\" title=\"SPDR S&amp;P 500 Trust ETF\">SPY</a>, <a href=\"https://seekingalpha.com/symbol/SH\" title=\"ProShares Short S&amp;P 500 ETF\">SH</a>, <a href=\"https://seekingalpha.com/symbol/SSO\" title=\"ProShares Ultra S&amp;P 500 ETF\">SSO</a>, <a href=\"https://seekingalpha.com/symbol/SDS\" title=\"ProShares UltraShort S&amp;P 500 ETF\">SDS</a>, <a href=\"https://seekingalpha.com/symbol/VOO\" title=\"Vanguard S&amp;P 500 ETF\">VOO</a>, <a href=\"https://seekingalpha.com/symbol/IVV\" title=\"iShares Core S&amp;P 500 ETF\">IVV</a>, <a href=\"https://seekingalpha.com/symbol/UPRO\" title=\"ProShares UltraPro S&amp;P 500 ETF\">UPRO</a>, <a href=\"https://seekingalpha.com/symbol/SPXU\" title=\"ProShares UltraPro Short S&amp;P 500 ETF\">SPXU</a>, <a href=\"https://seekingalpha.com/symbol/SPXL\" title=\"Direxion Daily S&amp;P 500 Bull 3x Shares ETF\">SPXL</a>, <a href=\"https://seekingalpha.com/symbol/RSP\" title=\"Guggenheim S&amp;P Equal Weight ETF\">RSP</a>, <a href=\"https://seekingalpha.com/symbol/SPXS\" title=\"Direxion Daily S&amp;P 500 Bear 3x Shares ETF\">SPXS</a>, <a href=\"https://seekingalpha.com/symbol/RWL\" title=\"RevenueShares Large Cap ETF\">RWL</a>, <a href=\"https://seekingalpha.com/symbol/EPS\" title=\"WisdomTree Earnings 500 ETF\">EPS</a>, <a href=\"https://seekingalpha.com/symbol/VFINX\" title=\"Vanguard 500 Index Fund Inv\">VFINX</a>, <a href=\"https://seekingalpha.com/symbol/BXUB\" title=\"Barclays Capital Long B Leveraged Exchange Traded Notes Linked to the S&amp;P 500® Total Return Index\">BXUB</a>, <a href=\"https://seekingalpha.com/symbol/SPLX\" title=\"UBS ETRACS Monthly Reset 2xLeveraged S&amp;P 500 total Return ETN\">SPLX</a>, <a href=\"https://seekingalpha.com/symbol/SFLA\" title=\"iPath Long Extended 3x S&amp;P 500 Index TR Index ETN\">SFLA</a>, <a href=\"https://seekingalpha.com/symbol/BXUC\" title=\"Barclays Capital Long C Leveraged Exchange Traded Notes Linked to the S&amp;P 500® Total Return Index\">BXUC</a>, <a href=\"https://seekingalpha.com/symbol/SPUU\" title=\"Direxion Daily S&amp;P 500 Bull 2x Shares ETF\">SPUU</a>, <a href=\"https://seekingalpha.com/symbol/LLSP\" title=\"Direxion Daily S&amp;P 500 Bull 1.25X Shares\">LLSP</a>, <a href=\"https://seekingalpha.com/symbol/RYARX\" title=\"Rydex Inverse S&amp;P 500® Strategy Fund A\">RYARX</a>\n</li>\n</ul><div class=\"tiny-share-widget\" data-id=\"3022696\" data-linked=\"Futures head lower ahead of Shanghai&#39;s open\" data-tweet=\"$SPY $SH $SSO - Futures head lower ahead of Shanghai&#39;s open https://seekingalpha.com/news/3022696-futures-head-lower-ahead-of-shanghais-open?source=tweet\" data-url=\"https://seekingalpha.com/news/3022696-futures-head-lower-ahead-of-shanghais-open\"><div class=\"icon share-btn c-email\" title=\"Email a friend\">&nbsp;</div><div class=\"icon share-btn c-twitter\" title=\"Share on Twitter\">&nbsp;</div><div class=\"icon share-btn c-facebook\" title=\"Share on Facebook\">&nbsp;</div><div class=\"icon share-btn c-linkedin\" title=\"Share on Linkedin\">&nbsp;</div></div><span class=\"mc_gray_separator\">|</span>  8:39 PM <span class='mc_gray_separator'>|</span> <span class='comments-n'><span class='comments-container '>61&nbsp;<span class='comments-number'>Comments</span></span></span></div></div></li>","count":1,"message":null,"success":true,"today":{"start":1576990800,"end":1577077199,"str":"Sunday, December 22, 2019"},"yesterday":{"start":1576904400,"end":1576990799}}