{"content":"<li class=\"n-box-item date-title\" data-end=\"1528689599\" data-start=\"1528603200\" data-txt=\"Monday, December 23, 2019\">Sunday, June 10, 2018</li><li class=\"n-box-item sa-box-item\" data-id=\"3362857\" data-ts=\"1528674062\"><div class=\"media media-overflow-fix\"><div class=\"media-left\"><a class=\"box-ticker\" href=\"/symbol/BTC-USD\" target=\"_blank\">BTC-USD</a></div><div class=\"media-body\"><h4 class=\"media-heading\"><a href=\"/news/3362857-cryptos-punished-in-sunday-action-bitcoin-down-10\" sasource=\"on_the_move_news_fidelity\" target=\"_blank\">Cryptos punished in Sunday action; Bitcoin down 10%</a></h4><ul><li>There's no particular news to report on, but the crypto market has been steadily tumbling all day. Bitcoin (<a href='https://seekingalpha.com/symbol/BTC-USD' title='Bitcoin USD'>BTC-USD</a>) is&nbsp;<font color='red'>lower by more than 10%</font>, Ether (<a href='https://seekingalpha.com/symbol/ETH-USD' title='Ethereum USD'>ETH-USD</a>)&nbsp;<font color='red'>12.2%</font>, Ripple (<a href='https://seekingalpha.com/symbol/XRP-USD' title='XRP USD'>XRP-USD</a>)&nbsp;<font color='red'>12.5%</font>, Bitcoin Cash (<a href='https://seekingalpha.com/symbol/BCH-USD' title='Bitcoin Cash USD'>BCH-USD</a>)&nbsp;<font color='red'>14.1%</font>, EOS (<a href='https://seekingalpha.com/symbol/EOS-USD' title='EOS USD'>EOS-USD</a>)&nbsp;<font color='red'>22.5%</font>, and Litecoin (<a href='https://seekingalpha.com/symbol/LTC-USD' title='Litecoin USD'>LTC-USD</a>)<font color='red'> 9.6%</font>.</li><li>Related tickers: <a href='https://seekingalpha.com/symbol/GBTC' title='Grayscale Bitcoin Trust &#40;BTC&#41;'>OTCQX:GBTC</a>, <a href='https://seekingalpha.com/symbol/COIN' title='Winklevoss Bitcoin Trust ETF'>COIN</a>, <a href='https://seekingalpha.com/symbol/RIOT' title='Riot Blockchain, Inc.'>RIOT</a>, <a href='https://seekingalpha.com/symbol/OSTK' title='Overstock.com, Inc.'>OSTK</a>, <a href='https://seekingalpha.com/symbol/SSC-OLD' title='Seven Stars Cloud Group, Inc.'>SSC-OLD</a>, <a href='https://seekingalpha.com/symbol/MARA' title='Marathon Patent Group, Inc.'>MARA</a>, <a href='https://seekingalpha.com/symbol/UEPS' title='Net 1 UEPS Technologies, Inc.'>UEPS</a>, <a href='https://seekingalpha.com/symbol/BITCF' title='First Bitcoin Capital Corp.'>OTC:BITCF</a>, <a href='https://seekingalpha.com/symbol/XNET' title='Xunlei Limited'>XNET</a>, <a href='https://seekingalpha.com/symbol/GROW' title='U.S. Global Investors, Inc.'>GROW</a>, <a href='https://seekingalpha.com/symbol/BTSC' title='Bitcoin Services, Inc.'>OTCPK:BTSC</a>, <a href='https://seekingalpha.com/symbol/BTCS' title='BTCS Inc.'>OTCQB:BTCS</a>, <a href='https://seekingalpha.com/symbol/MGTI' title='MGT Capital Investments, Inc.'>OTCQB:MGTI</a>, <a href='https://seekingalpha.com/symbol/BTLLF' title='Interbit Ltd.'>OTCPK:BTLLF</a> <a href='https://seekingalpha.com/symbol/SRAX' title='Social Reality Inc.'>SRAX</a>, <a href='https://seekingalpha.com/symbol/GAHC' title='Global Arena Holding, Inc.'>OTCPK:GAHC</a>, <a href='https://seekingalpha.com/symbol/ARSC' title='American Security Resources Corp.'>OTC:ARSC</a>, <a href='https://seekingalpha.com/symbol/USTC' title='USA Real Estate Holding Co'>OTCPK:USTC</a>, <a href='https://seekingalpha.com/symbol/BLKCF' title='Global Blockchain Technologies Corp.'>OTCPK:BLKCF</a>, <a href='https://seekingalpha.com/symbol/COINB' title='Coinbase'>COINB</a>, <a href='https://seekingalpha.com/symbol/BTC-USD' title='Bitcoin USD'>BTC-USD</a>, <a href='https://seekingalpha.com/symbol/ETH-USD' title='Ethereum USD'>ETH-USD</a>, <a href='https://seekingalpha.com/symbol/XRP-USD' title='XRP USD'>XRP-USD</a>, <a href='https://seekingalpha.com/symbol/BCH-USD' title='Bitcoin Cash USD'>BCH-USD</a></li></ul><div class=\"tiny-share-widget\" data-id=\"3362857\" data-linked=\"Cryptos punished in Sunday action; Bitcoin down 10%\" data-tweet=\"$BTC-USD $BTC-USD $ETH-USD - Cryptos punished in Sunday action; Bitcoin down 10% https://seekingalpha.com/news/3362857-cryptos-punished-in-sunday-action-bitcoin-down-10?source=tweet\" data-url=\"https://seekingalpha.com/news/3362857-cryptos-punished-in-sunday-action-bitcoin-down-10\"><div class=\"icon share-btn c-email\" title=\"Email a friend\">&nbsp;</div><div class=\"icon share-btn c-twitter\" title=\"Share on Twitter\">&nbsp;</div><div class=\"icon share-btn c-facebook\" title=\"Share on Facebook\">&nbsp;</div><div class=\"icon share-btn c-linkedin\" title=\"Share on Linkedin\">&nbsp;</div></div><span class=\"mc_gray_separator\">|</span>  7:41 PM <span class='mc_gray_separator'>|</span> <span class='comments-n'><span class='comments-container '>80&nbsp;<span class='comments-number'>Comments</span></span></span></div></div></li>","count":1,"message":null,"success":true,"today":{"start":1577077200,"end":1577163599,"str":"Monday, December 23, 2019"},"yesterday":{"start":1576990800,"end":1577077199}}