{"content":"<li class=\"n-box-item date-title\" data-end=\"1548133199\" data-start=\"1548046800\" data-txt=\"Monday, December 23, 2019\">Monday, January 21, 2019</li><li class=\"n-box-item sa-box-item\" data-id=\"3424448\" data-ts=\"1548084575\"><div class=\"media media-overflow-fix\"><div class=\"media-left\"><a class=\"box-ticker\" href=\"/symbol/WIMHY\" target=\"_blank\">WIMHY</a></div><div class=\"media-body\"><h4 class=\"media-heading\"><a href=\"/news/3424448-william-hillminus-2-after-trading-update\" sasource=\"on_the_move_news_fidelity\" target=\"_blank\">William Hill -2% after trading update</a></h4><ul><li>William Hill (<a href='https://seekingalpha.com/symbol/WIMHY' title='William Hill Plc ADR'>OTCPK:WIMHY</a>, <a href='https://seekingalpha.com/symbol/WIMHF' title='William Hill Plc'>OTCPK:WIMHF</a>) says it expects operating profit for 2018 to be down 15% to £234M. The mark is roughly in line with prior guidance calling for a range of £225M to £245M.</li><li>While the bookmaker cites \"excellent growth\" in the U.S. where it's now active in seven states, results were \"challenged by wider high street conditions.\"</li><li>William Hill is due to release full 2018 results on March 1.</li><li><a href=\"https://www.williamhillplc.com/newsmedia/newsroom/corporate-news/2019/william-hill-plc-trading-statement/\" target=\"_blank\">William Hill trading statement</a></li><li>Shares of William Hill are <font color=\"red\">down 1.80%</font> in London trading.</li></ul><div class=\"tiny-share-widget\" data-id=\"3424448\" data-linked=\"William Hill -2% after trading update\" data-tweet=\"$WIMHY $WIMHY $WIMHF - William Hill -2% after trading update https://seekingalpha.com/news/3424448-william-hillminus-2-after-trading-update?source=tweet\" data-url=\"https://seekingalpha.com/news/3424448-william-hillminus-2-after-trading-update\"><div class=\"icon share-btn c-email\" title=\"Email a friend\">&nbsp;</div><div class=\"icon share-btn c-twitter\" title=\"Share on Twitter\">&nbsp;</div><div class=\"icon share-btn c-facebook\" title=\"Share on Facebook\">&nbsp;</div><div class=\"icon share-btn c-linkedin\" title=\"Share on Linkedin\">&nbsp;</div></div><span class=\"mc_gray_separator\">|</span> 10:29 AM </div></div></li>","count":1,"message":null,"success":true,"today":{"start":1577077200,"end":1577163599,"str":"Monday, December 23, 2019"},"yesterday":{"start":1576990800,"end":1577077199}}