{"content":"<li class=\"n-box-item date-title\" data-end=\"1555732799\" data-start=\"1555646400\" data-txt=\"Monday, December 23, 2019\">Friday, April 19, 2019</li><li class=\"n-box-item sa-box-item\" data-id=\"3452170\" data-ts=\"1555662409\"><div class=\"media media-overflow-fix\"><div class=\"media-left\"><a class=\"box-ticker\" href=\"/symbol/NTDOY\" target=\"_blank\">NTDOY</a></div><div class=\"media-body\"><h4 class=\"media-heading\"><a href=\"/news/3452170-nintendo-soars-switch-heads-to-china\" sasource=\"on_the_move_news_fidelity\" target=\"_blank\">Nintendo soars as Switch heads to China</a></h4><ul><li>Nintendo (<a href='https://seekingalpha.com/symbol/NTDOY' title='Nintendo Co., Ltd.'>OTCPK:NTDOY</a>) shares <font color=\"green\">surged 14%</font> overnight after Tencent (<a href='https://seekingalpha.com/symbol/TCEHY' title='Tencent Holdings Limited'>OTCPK:TCEHY</a>) <a href=\"https://www.cnbc.com/2019/04/19/nintendo-stock-surges-on-switch-tie-up-with-tencent-in-china.html\" target=\"_blank\">won</a> approval to start selling the gaming giant's Switch console in China.</li><li>Regulators in the southern Chinese province of Guangdong were first to clear the system and the game <i>New Super Mario Bros. U Deluxe</i>.</li><li>Analysts still cautioned that there are still regulatory hurdles to overcome and that the Switch wouldn't be immediately available.</li><li>\"Nintendo and Tencent will also need to submit each game for approval in China and ensure the games comply with content regulations,\" said Daniel Ahmad of Niko Partners. \"This too is a lengthy process and means that it will take some time before Nintendo can build up a large library of official games in China.\"</li></ul><div class=\"tiny-share-widget\" data-id=\"3452170\" data-linked=\"Nintendo soars as Switch heads to China\" data-tweet=\"$NTDOY $TCEHY $NTDOF - Nintendo soars as Switch heads to China https://seekingalpha.com/news/3452170-nintendo-soars-switch-heads-to-china?source=tweet\" data-url=\"https://seekingalpha.com/news/3452170-nintendo-soars-switch-heads-to-china\"><div class=\"icon share-btn c-email\" title=\"Email a friend\">&nbsp;</div><div class=\"icon share-btn c-twitter\" title=\"Share on Twitter\">&nbsp;</div><div class=\"icon share-btn c-facebook\" title=\"Share on Facebook\">&nbsp;</div><div class=\"icon share-btn c-linkedin\" title=\"Share on Linkedin\">&nbsp;</div></div><span class=\"mc_gray_separator\">|</span>  4:26 AM <span class='mc_gray_separator'>|</span> <span class='comments-n'><span class='comments-container '>13&nbsp;<span class='comments-number'>Comments</span></span></span></div></div></li>","count":1,"message":null,"success":true,"today":{"start":1577077200,"end":1577163599,"str":"Monday, December 23, 2019"},"yesterday":{"start":1576990800,"end":1577077199}}