{"content":"<li class=\"n-box-item date-title\" data-end=\"1550379599\" data-start=\"1550293200\" data-txt=\"Monday, December 23, 2019\">Saturday, February 16, 2019</li><li class=\"n-box-item sa-box-item\" data-id=\"3434166\" data-ts=\"1550330026\"><div class=\"media media-overflow-fix\"><div class=\"media-left\"><a class=\"box-ticker\" href=\"/symbol/MRK\" target=\"_blank\">MRK</a></div><div class=\"media-body\"><h4 class=\"media-heading\"><a href=\"/news/3434166-fda-oks-expanded-use-for-mercks-keytruda\" sasource=\"on_the_move_news_fidelity\" target=\"_blank\">FDA OKs expanded use for Merck&#39;s Keytruda</a></h4><ul><li>The FDA has <a href=\"https://www.accessdata.fda.gov/drugsatfda_docs/label/2019/125514s040lbl.pdf\" target=\"_blank\">approved </a>Merck's (NYSE:<a href='https://seekingalpha.com/symbol/MRK' title='Merck & Co Inc.'>MRK</a>) Keytruda (pembrolizumab) for the adjuvant treatment of melanoma patients with lymph node involvement following complete resection, its 17th U.S. indication.</li><li>It approved the PD-1 inhibitor in September 2014 for advanced melanoma, its first indication.</li></ul><div class=\"tiny-share-widget\" data-id=\"3434166\" data-linked=\"FDA OKs expanded use for Merck&#39;s Keytruda\" data-tweet=\"$MRK - FDA OKs expanded use for Merck&#39;s Keytruda https://seekingalpha.com/news/3434166-fda-oks-expanded-use-for-mercks-keytruda?source=tweet\" data-url=\"https://seekingalpha.com/news/3434166-fda-oks-expanded-use-for-mercks-keytruda\"><div class=\"icon share-btn c-email\" title=\"Email a friend\">&nbsp;</div><div class=\"icon share-btn c-twitter\" title=\"Share on Twitter\">&nbsp;</div><div class=\"icon share-btn c-facebook\" title=\"Share on Facebook\">&nbsp;</div><div class=\"icon share-btn c-linkedin\" title=\"Share on Linkedin\">&nbsp;</div></div><span class=\"mc_gray_separator\">|</span> 10:13 AM <span class='mc_gray_separator'>|</span> <span class='comments-n'><span class='comments-container '>8&nbsp;<span class='comments-number'>Comments</span></span></span></div></div></li>","count":1,"message":null,"success":true,"today":{"start":1577077200,"end":1577163599,"str":"Monday, December 23, 2019"},"yesterday":{"start":1576990800,"end":1577077199}}