{"content":"<li class=\"n-box-item date-title\" data-end=\"1567483199\" data-start=\"1567396800\" data-txt=\"Monday, December 23, 2019\">Monday, September  2, 2019</li><li class=\"n-box-item sa-box-item\" data-id=\"3496168\" data-ts=\"1567414829\"><div class=\"media media-overflow-fix\"><div class=\"media-left\"><a class=\"box-ticker\" href=\"/symbol/FXB\" target=\"_blank\">FXB</a></div><div class=\"media-body\"><h4 class=\"media-heading\"><a href=\"/news/3496168-johnson-warns-tory-rebels-of-expulsion\" sasource=\"on_the_move_news_fidelity\" target=\"_blank\">Johnson warns Tory rebels of expulsion</a></h4><ul><li>Boris Johnson is raising the stakes against Tory rebels by promising to remove the whip from any who vote to block a no-deal Brexit and ban them from standing as a Conservative candidate at the next election, <a href=\"https://www.thetimes.co.uk/edition/news/ill-kick-you-out-of-party-boris-johnson-tells-tory-rebels-gd3rvhpzr\" target=\"_blank\">according</a> to <i>The Times</i>.</li><li>Opposition parties on Tuesday plan to bring forward new legislation designed to force the U.K. to delay Brexit again if an agreement hasn't been reached with the EU by Oct. 31.</li><li>If they are successful, many speculate that Johnson would call a snap election.</li><li>Sterling <font color=\"red\">-0.6%</font> to $1.2084.</li><li>ETFs: <a href='https://seekingalpha.com/symbol/FXB' title='Invesco CurrencyShares British Pound Sterling Trust ETF'>FXB</a>, <a href='https://seekingalpha.com/symbol/EWU' title='iShares MSCI United Kingdom ETF'>EWU</a>, <a href='https://seekingalpha.com/symbol/GBB' title='iPath GBP/USD Exchange Rate ETN'>OTC:GBB</a>, <a href='https://seekingalpha.com/symbol/DBUK' title='Deutsche X-trackers MSCI United Kingdom Hedged Equity ETF'>DBUK</a>, <a href='https://seekingalpha.com/symbol/FKU' title='First Trust United Kingdom AlphaDex ETF'>FKU</a>, <a href='https://seekingalpha.com/symbol/EWUS' title='iShares Trust - iShares MSCI United Kingdom Small-Cap ETF'>EWUS</a>, <a href='https://seekingalpha.com/symbol/HEWU' title='iShares Currency Hedged MSCI United Kingdom ETF'>HEWU</a>, <a href='https://seekingalpha.com/symbol/QGBR' title='SPDR MSCI United Kingdom Quality Mix ETF'>QGBR</a>, <a href='https://seekingalpha.com/symbol/DGBP' title='VelocityShares Daily 4X Long USD vs. GBP ETN'>DGBP</a>, <a href='https://seekingalpha.com/symbol/FLGB' title='Franklin Templeton ETF Trust - Franklin FTSE United Kingdom ETF'>FLGB</a>, <a href='https://seekingalpha.com/symbol/UGBP' title='VelocityShares Daily 4X Long GBP vs. USD ETN'>UGBP</a></li></ul><div class=\"tiny-share-widget\" data-id=\"3496168\" data-linked=\"Johnson warns Tory rebels of expulsion\" data-tweet=\"$FXB $EWU $GBB - Johnson warns Tory rebels of expulsion https://seekingalpha.com/news/3496168-johnson-warns-tory-rebels-of-expulsion?source=tweet\" data-url=\"https://seekingalpha.com/news/3496168-johnson-warns-tory-rebels-of-expulsion\"><div class=\"icon share-btn c-email\" title=\"Email a friend\">&nbsp;</div><div class=\"icon share-btn c-twitter\" title=\"Share on Twitter\">&nbsp;</div><div class=\"icon share-btn c-facebook\" title=\"Share on Facebook\">&nbsp;</div><div class=\"icon share-btn c-linkedin\" title=\"Share on Linkedin\">&nbsp;</div></div><span class=\"mc_gray_separator\">|</span>  5:00 AM <span class='mc_gray_separator'>|</span> <span class='comments-n'><span class='comments-container '>465&nbsp;<span class='comments-number'>Comments</span></span></span></div></div></li><li class=\"n-box-item sa-box-item\" data-id=\"3496165\" data-ts=\"1567410686\"><div class=\"media media-overflow-fix\"><div class=\"media-left\"><a class=\"box-ticker\" href=\"/symbol/\" target=\"_blank\"></a></div><div class=\"media-body\"><h4 class=\"media-heading\"><a href=\"/news/3496165-futures-dip-latest-tariffs-kick-in\" sasource=\"on_the_move_news_fidelity\" target=\"_blank\">Futures dip as latest tariffs kick in</a></h4><ul><li>Stocks in Asia were mixed overnight as the latest round of U.S.-China tariffs <a href=\"https://seekingalpha.com/news/3496157-trade-war-ratchets-another-notch\" target=\"_blank\">took effect</a> over the weekend, though the Shanghai Composite <font color=\"green\">advanced 1.3%</font> on <a href=\"https://www.cnbc.com/2019/09/02/china-economy-caixin-markit-manufacturing-pmi-for-august-2019.html\" target=\"_blank\">better-than-expected</a> manufacturing activity.</li><li>China's State Council also announced more measures to support its economy, saying it attached \"great importance\" to the development of sectors such as infrastructure, high-tech, and the transformation of traditional industries.</li><li>Amid the latest round of tariffs, U.S. stock index futures <font color=\"red\">fell as much as 1%</font> as investors worried about slowing global growth, but last stood <font color=\"red\">down 0.4%</font>.</li><li>U.S. markets will reopen on Tuesday following the Labor Day holiday.</li></ul><div class=\"tiny-share-widget\" data-id=\"3496165\" data-linked=\"Futures dip as latest tariffs kick in\" data-tweet=\"Futures dip as latest tariffs kick in https://seekingalpha.com/news/3496165-futures-dip-latest-tariffs-kick-in?source=tweet\" data-url=\"https://seekingalpha.com/news/3496165-futures-dip-latest-tariffs-kick-in\"><div class=\"icon share-btn c-email\" title=\"Email a friend\">&nbsp;</div><div class=\"icon share-btn c-twitter\" title=\"Share on Twitter\">&nbsp;</div><div class=\"icon share-btn c-facebook\" title=\"Share on Facebook\">&nbsp;</div><div class=\"icon share-btn c-linkedin\" title=\"Share on Linkedin\">&nbsp;</div></div><span class=\"mc_gray_separator\">|</span>  3:51 AM <span class='mc_gray_separator'>|</span> <span class='comments-n'><span class='comments-container '>137&nbsp;<span class='comments-number'>Comments</span></span></span></div></div></li>","count":2,"message":null,"success":true,"today":{"start":1577077200,"end":1577163599,"str":"Monday, December 23, 2019"},"yesterday":{"start":1576990800,"end":1577077199}}