{"content":"<li class=\"n-box-item date-title\" data-end=\"1558324799\" data-start=\"1558238400\" data-txt=\"Monday, December 23, 2019\">Sunday, May 19, 2019</li><li class=\"n-box-item sa-box-item\" data-id=\"3465190\" data-ts=\"1558307672\"><div class=\"media media-overflow-fix\"><div class=\"media-left\"><a class=\"box-ticker\" href=\"/symbol/GBTC\" target=\"_blank\">GBTC</a></div><div class=\"media-body\"><h4 class=\"media-heading\"><a href=\"/news/3465190-furious-weekend-rally-takes-bitcoin-back-above-8k\" sasource=\"on_the_move_news_fidelity\" target=\"_blank\">Furious weekend rally takes Bitcoin back above $8K</a></h4><ul><li>The 2019 crypto rally began attracting plenty of attention over the past couple of weeks - just in time for Bitcoin (<a href='https://seekingalpha.com/symbol/BTC-USD' title='Bitcoin USD'>BTC-USD</a>) to plunge from about $8.3K to $7K last Thursday/Friday.</li><li>That's reversed in a big way over the weekend, with Bitcoin climbing all the way back to last week's high.</li><li>Ripple (<a href='https://seekingalpha.com/symbol/XRP-USD' title='XRP USD'>XRP-USD</a>), Ether (<a href='https://seekingalpha.com/symbol/ETH-USD' title='Ethereum USD'>ETH-USD</a>), Bitcoin Cash (<a href='https://seekingalpha.com/symbol/BCH-USD' title='Bitcoin Cash USD'>BCH-USD</a>), and Litecoin (<a href='https://seekingalpha.com/symbol/LTC-USD' title='Litecoin USD'>LTC-USD</a>) are all joining the melt-up this evening.</li></ul><div class=\"tiny-share-widget\" data-id=\"3465190\" data-linked=\"Furious weekend rally takes Bitcoin back above $8K\" data-tweet=\"$GBTC $BTC-USD $XRP-USD - Furious weekend rally takes Bitcoin back above $8K https://seekingalpha.com/news/3465190-furious-weekend-rally-takes-bitcoin-back-above-8k?source=tweet\" data-url=\"https://seekingalpha.com/news/3465190-furious-weekend-rally-takes-bitcoin-back-above-8k\"><div class=\"icon share-btn c-email\" title=\"Email a friend\">&nbsp;</div><div class=\"icon share-btn c-twitter\" title=\"Share on Twitter\">&nbsp;</div><div class=\"icon share-btn c-facebook\" title=\"Share on Facebook\">&nbsp;</div><div class=\"icon share-btn c-linkedin\" title=\"Share on Linkedin\">&nbsp;</div></div><span class=\"mc_gray_separator\">|</span>  7:14 PM <span class='mc_gray_separator'>|</span> <span class='comments-n'><span class='comments-container '>93&nbsp;<span class='comments-number'>Comments</span></span></span></div></div></li>","count":1,"message":null,"success":true,"today":{"start":1577077200,"end":1577163599,"str":"Monday, December 23, 2019"},"yesterday":{"start":1576990800,"end":1577077199}}